month,roof_kwh,east_wall_kwh,south_wall_kwh,west_wall_kwh,all_walls_kwh
1,466.03,122.48,349.81,126.03,598.32
2,670.66,162.07,343.98,149.88,655.9300000000001
3,1103.61,234.69,379.7,238.2,852.5899999999999
4,1396.52,282.56,318.51,271.09,872.16
5,1686.95,328.95,281.92,315.2,926.0699999999999
6,1677.59,320.17,246.28,311.49,877.94
7,1814.42,355.95,279.66,340.86,976.47
8,1573.39,317.41,313.61,318.36,949.3800000000001
9,1160.21,240.09,341.62,243.46,825.1700000000001
10,731.1,164.75,321.55,165.21,651.51
11,456.33,109.54,297.31,108.22,515.07
12,301.92,81.15,243.17,82.89,407.21
