hour_EDT,roof_kw,east_wall_kw,south_wall_kw,west_wall_kw,all_walls_kw
0,0.0,0.0,0.0,0.0,0.0
1,0.0,0.0,0.0,0.0,0.0
2,0.0,0.0,0.0,0.0,0.0
3,0.0,0.0,0.0,0.0,0.0
4,0.0,0.0,0.0,0.0,0.0
5,0.0,0.0,0.0,0.0,0.0
6,0.3022086666666667,0.801169,0.021712666666666665,0.021712666666666665,0.8445943333333333
7,1.2819136666666666,1.1858243333333334,0.07484,0.07484,1.3355043333333334
8,2.596443333333333,1.38616,0.15415233333333334,0.15415233333333334,1.6944646666666667
9,3.8544893333333334,1.4559166666666667,0.4289013333333333,0.23156633333333335,2.1163843333333334
10,4.848422,1.3881663333333334,0.7206156666666667,0.2903616666666667,2.399143666666667
11,6.149220000000001,1.302506,1.0936703333333333,0.40160466666666667,2.797781
12,6.134195666666667,0.8783696666666666,1.1539490000000001,0.431552,2.4638706666666668
13,7.024522,0.3943736666666667,1.3085623333333334,0.6796173333333333,2.3825533333333335
14,6.715155666666667,0.40246333333333334,1.211643,1.1028416666666667,2.716948
15,6.059407333333334,0.3857503333333333,0.9953626666666666,1.4251289999999999,2.8062419999999997
16,5.757672333333334,0.2697603333333333,0.6867316666666666,1.832549,2.789041
17,3.9317433333333334,0.23988233333333334,0.3847353333333333,1.5363673333333334,2.160985
18,2.6169656666666667,0.14340533333333333,0.14340533333333333,1.4493336666666667,1.7361443333333333
19,1.273942,0.06265033333333334,0.06265033333333334,1.2173963333333333,1.342697
20,0.18353,0.009499,0.009499,0.5501419999999999,0.5691399999999999
21,0.0,0.0,0.0,0.0,0.0
22,0.0,0.0,0.0,0.0,0.0
23,0.0,0.0,0.0,0.0,0.0
